SMILES,Sequence,Predicted pChEMBL,Rank,Protein_ID,Dataset,Boltz_Affinity,Boltz_Prob_Binary,Boltz_Affinity_1,Boltz_Prob_Binary_1,Boltz_Affinity_2,Boltz_Prob_Binary_2
C=CC(=O)NCC1CCCCN1C(=O)C(F)(F)F,MAVRELPGAWNFRDVADTATALRPGRLFRSSELSRLDDAGRATLRRLGITDVADLRSSREVARRGPGRVPDGIDVHLLPFPDLADDDADDSAPHETAFKRLLTNDGSNGESGESSQSINDAATRYMTDEYRQFPTRNGAQRALHRVVTLLAAGRPVLTHCFAGKDRTGFVVALVLEAVGLDRDVIVADYLRSNDSVPQLRARISEMIQQRFDTELAPEVVTFTKARLSDGVLGVRAEYLAAARQTIDETYGSLGGYLRDAGISQATVNRMRGVLLG,6.854217529296875,1,MAVRE,cysdb,1.795470952987671,0.11941260099411011,2.1398448944091797,0.07993868738412857,1.4510968923568726,0.15888650715351105
C=CC(=O)N1[C@H](C(=O)OC)Cc2c([nH]c3ccccc23)[C@H]1c1ccc2c(c1)OCO2,MTPSQWLDIAVLAVAFIAAISGWRAGALGSMLSFGGVLLGATAGVLLAPHIVSQISAPRAKLFAALFLILALVVVGEVAGVVLGRAVRGAIRNRPIRLIDSVIGVGVQLVVVLTAAWLLAMPLTQSKEQPELAAAVKGSRVLARVNEAAPTWLKTVPKRLSALLNTSGLPAVLEPFSRTPVIPVASPDPALVNNPVVAATEPSVVKIRSLAPRCQKVLEGTGFVISPDRVMTNAHVVAGSNNVTVYAGDKPFEATVVSYDPSVDVAILAVPHLPPPPLVFAAEPAKTGADVVVLGYPGGGNFTATPARIREAIRLSGPDIYGDPEPVTRDVYTIRADVEQGDSGGPLIDLNGQVLGVVFGAAIDDAETGFVLTAGEVAGQLAKIGATQPVGTGACVS,6.720122814178467,1,MTPSQ,cysdb,1.8497564792633057,0.3126183748245239,1.6525958776474,0.27563831210136414,2.046917200088501,0.3495984375476837
C=CC(=O)NC(c1cccc(C(F)(F)F)c1)c1nnc[nH]1,MLRGIQALSRPLTRVYRALAVIGVLAASLLASWVGAVPQVGLAASALPTFAHVVIVVEENRSQAAIIGNKSAPFINSLAANGAMMAQAFAETHPSEPNYLALFAGNTFGLTKNTCPVNGGALPNLGSELLSAGYTFMGFAEDLPAVGSTVCSAGKYARKHVPWVNFSNVPTTLSVPFSAFPKPQNYPGLPTVSFVIPNADNDMHDGSIAQGDAWLNRHLSAYANWAKTNNSLLVVTWDEDDGSSRNQIPTVFYGAHVRPGTYNETISHYNVLSTLEQIYGLPKTGYATNAPPITDIWGD,6.63620138168335,1,MLRGI,cysdb,1.1049129962921143,0.23306912183761597,1.1984105110168457,0.22544245421886444,1.0114154815673828,0.2406957745552063
NS(=O)(=O)c1ccc(Cl)c(NC(=O)CCl)c1,MTPSQWLDIAVLAVAFIAAISGWRAGALGSMLSFGGVLLGATAGVLLAPHIVSQISAPRAKLFAALFLILALVVVGEVAGVVLGRAVRGAIRNRPIRLIDSVIGVGVQLVVVLTAAWLLAMPLTQSKEQPELAAAVKGSRVLARVNEAAPTWLKTVPKRLSALLNTSGLPAVLEPFSRTPVIPVASPDPALVNNPVVAATEPSVVKIRSLAPRCQKVLEGTGFVISPDRVMTNAHVVAGSNNVTVYAGDKPFEATVVSYDPSVDVAILAVPHLPPPPLVFAAEPAKTGADVVVLGYPGGGNFTATPARIREAIRLSGPDIYGDPEPVTRDVYTIRADVEQGDSGGPLIDLNGQVLGVVFGAAIDDAETGFVLTAGEVAGQLAKIGATQPVGTGACVS,6.597510814666748,2,MTPSQ,cysdb,1.1370291709899902,0.3742944598197937,1.1304200887680054,0.5078780055046082,1.1436381340026855,0.24071088433265686
C=CC(=O)N1CCc2nnc(N(C)C)cc2C1,MLRGIQALSRPLTRVYRALAVIGVLAASLLASWVGAVPQVGLAASALPTFAHVVIVVEENRSQAAIIGNKSAPFINSLAANGAMMAQAFAETHPSEPNYLALFAGNTFGLTKNTCPVNGGALPNLGSELLSAGYTFMGFAEDLPAVGSTVCSAGKYARKHVPWVNFSNVPTTLSVPFSAFPKPQNYPGLPTVSFVIPNADNDMHDGSIAQGDAWLNRHLSAYANWAKTNNSLLVVTWDEDDGSSRNQIPTVFYGAHVRPGTYNETISHYNVLSTLEQIYGLPKTGYATNAPPITDIWGD,6.587094783782959,2,MLRGI,cysdb,1.6540179252624512,0.13984359800815582,1.7200727462768555,0.16072560846805573,1.5879631042480469,0.11896158754825592
C=CC(=O)N1CC[C@@H]2COC(=O)N[C@H]2C1,MLRGIQALSRPLTRVYRALAVIGVLAASLLASWVGAVPQVGLAASALPTFAHVVIVVEENRSQAAIIGNKSAPFINSLAANGAMMAQAFAETHPSEPNYLALFAGNTFGLTKNTCPVNGGALPNLGSELLSAGYTFMGFAEDLPAVGSTVCSAGKYARKHVPWVNFSNVPTTLSVPFSAFPKPQNYPGLPTVSFVIPNADNDMHDGSIAQGDAWLNRHLSAYANWAKTNNSLLVVTWDEDDGSSRNQIPTVFYGAHVRPGTYNETISHYNVLSTLEQIYGLPKTGYATNAPPITDIWGD,6.531328678131104,3,MLRGI,cysdb,-0.05210953950881958,0.21284529566764832,1.0681177377700806,0.012503957375884056,-1.1723368167877197,0.413186639547348
C=CC(=O)N1CCOC(Cn2ccnn2)C1,MLRGIQALSRPLTRVYRALAVIGVLAASLLASWVGAVPQVGLAASALPTFAHVVIVVEENRSQAAIIGNKSAPFINSLAANGAMMAQAFAETHPSEPNYLALFAGNTFGLTKNTCPVNGGALPNLGSELLSAGYTFMGFAEDLPAVGSTVCSAGKYARKHVPWVNFSNVPTTLSVPFSAFPKPQNYPGLPTVSFVIPNADNDMHDGSIAQGDAWLNRHLSAYANWAKTNNSLLVVTWDEDDGSSRNQIPTVFYGAHVRPGTYNETISHYNVLSTLEQIYGLPKTGYATNAPPITDIWGD,6.50031042098999,4,MLRGI,cysdb,1.3826022148132324,0.07170730084180832,1.4143375158309937,0.0031916985753923655,1.3508667945861816,0.14022290706634521
C=CC(=O)N1CC(O)(c2cccc3ccccc23)C1,MAVRELPGAWNFRDVADTATALRPGRLFRSSELSRLDDAGRATLRRLGITDVADLRSSREVARRGPGRVPDGIDVHLLPFPDLADDDADDSAPHETAFKRLLTNDGSNGESGESSQSINDAATRYMTDEYRQFPTRNGAQRALHRVVTLLAAGRPVLTHCFAGKDRTGFVVALVLEAVGLDRDVIVADYLRSNDSVPQLRARISEMIQQRFDTELAPEVVTFTKARLSDGVLGVRAEYLAAARQTIDETYGSLGGYLRDAGISQATVNRMRGVLLG,6.483842372894287,2,MAVRE,cysdb,1.3657450675964355,0.43478092551231384,1.1025391817092896,0.6532922387123108,1.628950834274292,0.2162696123123169
C=CC(=O)N1C2CCC1c1cnc(C(C)C)nc1C2,MTPSQWLDIAVLAVAFIAAISGWRAGALGSMLSFGGVLLGATAGVLLAPHIVSQISAPRAKLFAALFLILALVVVGEVAGVVLGRAVRGAIRNRPIRLIDSVIGVGVQLVVVLTAAWLLAMPLTQSKEQPELAAAVKGSRVLARVNEAAPTWLKTVPKRLSALLNTSGLPAVLEPFSRTPVIPVASPDPALVNNPVVAATEPSVVKIRSLAPRCQKVLEGTGFVISPDRVMTNAHVVAGSNNVTVYAGDKPFEATVVSYDPSVDVAILAVPHLPPPPLVFAAEPAKTGADVVVLGYPGGGNFTATPARIREAIRLSGPDIYGDPEPVTRDVYTIRADVEQGDSGGPLIDLNGQVLGVVFGAAIDDAETGFVLTAGEVAGQLAKIGATQPVGTGACVS,6.367414474487305,3,MTPSQ,cysdb,1.0528526306152344,0.11683094501495361,0.7093101739883423,0.07545135915279388,1.396395206451416,0.15821053087711334
C=CC(=O)N1CCCC(n2ccnn2)C1,MLRGIQALSRPLTRVYRALAVIGVLAASLLASWVGAVPQVGLAASALPTFAHVVIVVEENRSQAAIIGNKSAPFINSLAANGAMMAQAFAETHPSEPNYLALFAGNTFGLTKNTCPVNGGALPNLGSELLSAGYTFMGFAEDLPAVGSTVCSAGKYARKHVPWVNFSNVPTTLSVPFSAFPKPQNYPGLPTVSFVIPNADNDMHDGSIAQGDAWLNRHLSAYANWAKTNNSLLVVTWDEDDGSSRNQIPTVFYGAHVRPGTYNETISHYNVLSTLEQIYGLPKTGYATNAPPITDIWGD,6.351569175720215,5,MLRGI,cysdb,1.110590934753418,0.06633499264717102,0.9969738721847534,0.03216876462101936,1.224208116531372,0.10050122439861298
C=CC(=O)NC1(c2ccc(S(C)(=O)=O)cc2)CCOC1,MAVRELPGAWNFRDVADTATALRPGRLFRSSELSRLDDAGRATLRRLGITDVADLRSSREVARRGPGRVPDGIDVHLLPFPDLADDDADDSAPHETAFKRLLTNDGSNGESGESSQSINDAATRYMTDEYRQFPTRNGAQRALHRVVTLLAAGRPVLTHCFAGKDRTGFVVALVLEAVGLDRDVIVADYLRSNDSVPQLRARISEMIQQRFDTELAPEVVTFTKARLSDGVLGVRAEYLAAARQTIDETYGSLGGYLRDAGISQATVNRMRGVLLG,6.350818634033203,3,MAVRE,cysdb,2.2565464973449707,0.1339830905199051,2.2043676376342773,0.10944481194019318,2.308725357055664,0.158521369099617
C=CC(=O)N[C@H](C(=O)N1CCCC1)C(C)C,MLRGIQALSRPLTRVYRALAVIGVLAASLLASWVGAVPQVGLAASALPTFAHVVIVVEENRSQAAIIGNKSAPFINSLAANGAMMAQAFAETHPSEPNYLALFAGNTFGLTKNTCPVNGGALPNLGSELLSAGYTFMGFAEDLPAVGSTVCSAGKYARKHVPWVNFSNVPTTLSVPFSAFPKPQNYPGLPTVSFVIPNADNDMHDGSIAQGDAWLNRHLSAYANWAKTNNSLLVVTWDEDDGSSRNQIPTVFYGAHVRPGTYNETISHYNVLSTLEQIYGLPKTGYATNAPPITDIWGD,6.348091125488281,6,MLRGI,cysdb,3.761333703994751,0.04928063973784447,4.142292022705078,0.0010700271232053638,3.380375385284424,0.09749124944210052
C=CC(=O)N[C@H]1C[C@H](c2cccc(C)c2)C1,MTPSQWLDIAVLAVAFIAAISGWRAGALGSMLSFGGVLLGATAGVLLAPHIVSQISAPRAKLFAALFLILALVVVGEVAGVVLGRAVRGAIRNRPIRLIDSVIGVGVQLVVVLTAAWLLAMPLTQSKEQPELAAAVKGSRVLARVNEAAPTWLKTVPKRLSALLNTSGLPAVLEPFSRTPVIPVASPDPALVNNPVVAATEPSVVKIRSLAPRCQKVLEGTGFVISPDRVMTNAHVVAGSNNVTVYAGDKPFEATVVSYDPSVDVAILAVPHLPPPPLVFAAEPAKTGADVVVLGYPGGGNFTATPARIREAIRLSGPDIYGDPEPVTRDVYTIRADVEQGDSGGPLIDLNGQVLGVVFGAAIDDAETGFVLTAGEVAGQLAKIGATQPVGTGACVS,6.340663909912109,4,MTPSQ,cysdb,1.300534963607788,0.13792684674263,0.6476963758468628,0.16014665365219116,1.9533735513687134,0.11570703238248825
C=CC(=O)N1CCN(C(=O)NC2CCCCC2)CC1,MLRGIQALSRPLTRVYRALAVIGVLAASLLASWVGAVPQVGLAASALPTFAHVVIVVEENRSQAAIIGNKSAPFINSLAANGAMMAQAFAETHPSEPNYLALFAGNTFGLTKNTCPVNGGALPNLGSELLSAGYTFMGFAEDLPAVGSTVCSAGKYARKHVPWVNFSNVPTTLSVPFSAFPKPQNYPGLPTVSFVIPNADNDMHDGSIAQGDAWLNRHLSAYANWAKTNNSLLVVTWDEDDGSSRNQIPTVFYGAHVRPGTYNETISHYNVLSTLEQIYGLPKTGYATNAPPITDIWGD,6.318229675292969,7,MLRGI,cysdb,1.5581531524658203,0.10583597421646118,1.7968891859054565,0.11806521564722061,1.319417119026184,0.09360673278570175
C=CC(=O)Nc1cc(C(F)(F)F)cc(S(=O)(=O)F)c1,MAVRELPGAWNFRDVADTATALRPGRLFRSSELSRLDDAGRATLRRLGITDVADLRSSREVARRGPGRVPDGIDVHLLPFPDLADDDADDSAPHETAFKRLLTNDGSNGESGESSQSINDAATRYMTDEYRQFPTRNGAQRALHRVVTLLAAGRPVLTHCFAGKDRTGFVVALVLEAVGLDRDVIVADYLRSNDSVPQLRARISEMIQQRFDTELAPEVVTFTKARLSDGVLGVRAEYLAAARQTIDETYGSLGGYLRDAGISQATVNRMRGVLLG,6.28382682800293,4,MAVRE,cysdb,0.11714589595794678,0.7572574615478516,-0.3621092438697815,0.893062174320221,0.596401035785675,0.621452808380127
C=CC(=O)Nc1ccccc1C1CCC(=O)N1,MLRGIQALSRPLTRVYRALAVIGVLAASLLASWVGAVPQVGLAASALPTFAHVVIVVEENRSQAAIIGNKSAPFINSLAANGAMMAQAFAETHPSEPNYLALFAGNTFGLTKNTCPVNGGALPNLGSELLSAGYTFMGFAEDLPAVGSTVCSAGKYARKHVPWVNFSNVPTTLSVPFSAFPKPQNYPGLPTVSFVIPNADNDMHDGSIAQGDAWLNRHLSAYANWAKTNNSLLVVTWDEDDGSSRNQIPTVFYGAHVRPGTYNETISHYNVLSTLEQIYGLPKTGYATNAPPITDIWGD,6.283121109008789,8,MLRGI,cysdb,1.2269411087036133,0.1914934515953064,1.8168933391571045,0.13666896522045135,0.6369887590408325,0.24631795287132263
C=CC(=O)NC(C)Cc1cc(C)nn1-c1ccccc1,MLRGIQALSRPLTRVYRALAVIGVLAASLLASWVGAVPQVGLAASALPTFAHVVIVVEENRSQAAIIGNKSAPFINSLAANGAMMAQAFAETHPSEPNYLALFAGNTFGLTKNTCPVNGGALPNLGSELLSAGYTFMGFAEDLPAVGSTVCSAGKYARKHVPWVNFSNVPTTLSVPFSAFPKPQNYPGLPTVSFVIPNADNDMHDGSIAQGDAWLNRHLSAYANWAKTNNSLLVVTWDEDDGSSRNQIPTVFYGAHVRPGTYNETISHYNVLSTLEQIYGLPKTGYATNAPPITDIWGD,6.2656989097595215,9,MLRGI,cysdb,2.357457160949707,0.08861558139324188,2.3423709869384766,0.04766508936882019,2.3725433349609375,0.12956607341766357
O=C(c1cccc(N2CCOCC2)c1)N1CCC(N(C(=O)CCl)c2ccccc2)C(Cc2ccccc2)C1,MTPSQWLDIAVLAVAFIAAISGWRAGALGSMLSFGGVLLGATAGVLLAPHIVSQISAPRAKLFAALFLILALVVVGEVAGVVLGRAVRGAIRNRPIRLIDSVIGVGVQLVVVLTAAWLLAMPLTQSKEQPELAAAVKGSRVLARVNEAAPTWLKTVPKRLSALLNTSGLPAVLEPFSRTPVIPVASPDPALVNNPVVAATEPSVVKIRSLAPRCQKVLEGTGFVISPDRVMTNAHVVAGSNNVTVYAGDKPFEATVVSYDPSVDVAILAVPHLPPPPLVFAAEPAKTGADVVVLGYPGGGNFTATPARIREAIRLSGPDIYGDPEPVTRDVYTIRADVEQGDSGGPLIDLNGQVLGVVFGAAIDDAETGFVLTAGEVAGQLAKIGATQPVGTGACVS,6.253261089324951,5,MTPSQ,cysdb,0.8230807781219482,0.46767860651016235,1.0054312944412231,0.5708501935005188,0.6407302021980286,0.3645070195198059
C=CC(=O)N[C@@H]1CCC(=O)N[C@H]1C(C)(C)C,MLRGIQALSRPLTRVYRALAVIGVLAASLLASWVGAVPQVGLAASALPTFAHVVIVVEENRSQAAIIGNKSAPFINSLAANGAMMAQAFAETHPSEPNYLALFAGNTFGLTKNTCPVNGGALPNLGSELLSAGYTFMGFAEDLPAVGSTVCSAGKYARKHVPWVNFSNVPTTLSVPFSAFPKPQNYPGLPTVSFVIPNADNDMHDGSIAQGDAWLNRHLSAYANWAKTNNSLLVVTWDEDDGSSRNQIPTVFYGAHVRPGTYNETISHYNVLSTLEQIYGLPKTGYATNAPPITDIWGD,6.251728057861328,10,MLRGI,cysdb,1.0521074533462524,0.10708381980657578,0.21354621648788452,0.14576540887355804,1.8906687498092651,0.0684022307395935
C=CC(=O)N[C@@H]1CCC(=O)N[C@H]1C(C)(C)C,MAVRELPGAWNFRDVADTATALRPGRLFRSSELSRLDDAGRATLRRLGITDVADLRSSREVARRGPGRVPDGIDVHLLPFPDLADDDADDSAPHETAFKRLLTNDGSNGESGESSQSINDAATRYMTDEYRQFPTRNGAQRALHRVVTLLAAGRPVLTHCFAGKDRTGFVVALVLEAVGLDRDVIVADYLRSNDSVPQLRARISEMIQQRFDTELAPEVVTFTKARLSDGVLGVRAEYLAAARQTIDETYGSLGGYLRDAGISQATVNRMRGVLLG,6.218881130218506,5,MAVRE,cysdb,2.3076024055480957,0.21471114456653595,2.17692232131958,0.26499539613723755,2.4382824897766113,0.16442689299583435
C=CC(=O)NC1CCCN(c2ccc(F)cc2C)C1,MTPSQWLDIAVLAVAFIAAISGWRAGALGSMLSFGGVLLGATAGVLLAPHIVSQISAPRAKLFAALFLILALVVVGEVAGVVLGRAVRGAIRNRPIRLIDSVIGVGVQLVVVLTAAWLLAMPLTQSKEQPELAAAVKGSRVLARVNEAAPTWLKTVPKRLSALLNTSGLPAVLEPFSRTPVIPVASPDPALVNNPVVAATEPSVVKIRSLAPRCQKVLEGTGFVISPDRVMTNAHVVAGSNNVTVYAGDKPFEATVVSYDPSVDVAILAVPHLPPPPLVFAAEPAKTGADVVVLGYPGGGNFTATPARIREAIRLSGPDIYGDPEPVTRDVYTIRADVEQGDSGGPLIDLNGQVLGVVFGAAIDDAETGFVLTAGEVAGQLAKIGATQPVGTGACVS,6.2158708572387695,6,MTPSQ,cysdb,1.015821933746338,0.10711546242237091,1.2360564470291138,0.0853952094912529,0.7955874800682068,0.12883570790290833
C=CC(=O)Nc1ccc2c(c1)CCC(=O)N2CC1CC1,MAVRELPGAWNFRDVADTATALRPGRLFRSSELSRLDDAGRATLRRLGITDVADLRSSREVARRGPGRVPDGIDVHLLPFPDLADDDADDSAPHETAFKRLLTNDGSNGESGESSQSINDAATRYMTDEYRQFPTRNGAQRALHRVVTLLAAGRPVLTHCFAGKDRTGFVVALVLEAVGLDRDVIVADYLRSNDSVPQLRARISEMIQQRFDTELAPEVVTFTKARLSDGVLGVRAEYLAAARQTIDETYGSLGGYLRDAGISQATVNRMRGVLLG,6.211812496185303,6,MAVRE,cysdb,0.731032133102417,0.20692968368530273,0.640765905380249,0.1593058854341507,0.8212983012199402,0.25455349683761597
O=C(CCl)N1CCN(S(=O)(=O)c2ccc(-c3ccncc3)cc2)CC1,MTPSQWLDIAVLAVAFIAAISGWRAGALGSMLSFGGVLLGATAGVLLAPHIVSQISAPRAKLFAALFLILALVVVGEVAGVVLGRAVRGAIRNRPIRLIDSVIGVGVQLVVVLTAAWLLAMPLTQSKEQPELAAAVKGSRVLARVNEAAPTWLKTVPKRLSALLNTSGLPAVLEPFSRTPVIPVASPDPALVNNPVVAATEPSVVKIRSLAPRCQKVLEGTGFVISPDRVMTNAHVVAGSNNVTVYAGDKPFEATVVSYDPSVDVAILAVPHLPPPPLVFAAEPAKTGADVVVLGYPGGGNFTATPARIREAIRLSGPDIYGDPEPVTRDVYTIRADVEQGDSGGPLIDLNGQVLGVVFGAAIDDAETGFVLTAGEVAGQLAKIGATQPVGTGACVS,6.203954696655273,7,MTPSQ,cysdb,2.359260320663452,0.36970627307891846,2.6757822036743164,0.4700968861579895,2.042738437652588,0.2693156599998474
C=CC(=O)NC1(c2noc(C(F)F)n2)CCC1,MAVRELPGAWNFRDVADTATALRPGRLFRSSELSRLDDAGRATLRRLGITDVADLRSSREVARRGPGRVPDGIDVHLLPFPDLADDDADDSAPHETAFKRLLTNDGSNGESGESSQSINDAATRYMTDEYRQFPTRNGAQRALHRVVTLLAAGRPVLTHCFAGKDRTGFVVALVLEAVGLDRDVIVADYLRSNDSVPQLRARISEMIQQRFDTELAPEVVTFTKARLSDGVLGVRAEYLAAARQTIDETYGSLGGYLRDAGISQATVNRMRGVLLG,6.201700210571289,7,MAVRE,cysdb,1.0401709079742432,0.2457788586616516,0.8456757068634033,0.25483307242393494,1.2346662282943726,0.2367246299982071
CCCCN(C(=O)CCl)c1c(N)n(CCC)c(=O)[nH]c1=O,MTPSQWLDIAVLAVAFIAAISGWRAGALGSMLSFGGVLLGATAGVLLAPHIVSQISAPRAKLFAALFLILALVVVGEVAGVVLGRAVRGAIRNRPIRLIDSVIGVGVQLVVVLTAAWLLAMPLTQSKEQPELAAAVKGSRVLARVNEAAPTWLKTVPKRLSALLNTSGLPAVLEPFSRTPVIPVASPDPALVNNPVVAATEPSVVKIRSLAPRCQKVLEGTGFVISPDRVMTNAHVVAGSNNVTVYAGDKPFEATVVSYDPSVDVAILAVPHLPPPPLVFAAEPAKTGADVVVLGYPGGGNFTATPARIREAIRLSGPDIYGDPEPVTRDVYTIRADVEQGDSGGPLIDLNGQVLGVVFGAAIDDAETGFVLTAGEVAGQLAKIGATQPVGTGACVS,6.167754650115967,8,MTPSQ,cysdb,1.531024694442749,0.2596644163131714,1.5359643697738647,0.18957620859146118,1.5260850191116333,0.3297526240348816
CCN(CC)c1ccc(S(N)(=O)=O)cc1NC(=O)CCl,MTPSQWLDIAVLAVAFIAAISGWRAGALGSMLSFGGVLLGATAGVLLAPHIVSQISAPRAKLFAALFLILALVVVGEVAGVVLGRAVRGAIRNRPIRLIDSVIGVGVQLVVVLTAAWLLAMPLTQSKEQPELAAAVKGSRVLARVNEAAPTWLKTVPKRLSALLNTSGLPAVLEPFSRTPVIPVASPDPALVNNPVVAATEPSVVKIRSLAPRCQKVLEGTGFVISPDRVMTNAHVVAGSNNVTVYAGDKPFEATVVSYDPSVDVAILAVPHLPPPPLVFAAEPAKTGADVVVLGYPGGGNFTATPARIREAIRLSGPDIYGDPEPVTRDVYTIRADVEQGDSGGPLIDLNGQVLGVVFGAAIDDAETGFVLTAGEVAGQLAKIGATQPVGTGACVS,6.113365650177002,9,MTPSQ,cysdb,1.159759521484375,0.561922013759613,1.2971315383911133,0.9316272139549255,1.0223875045776367,0.19221678376197815
COC(=O)[C@H]1Cc2c([nH]c3ccccc23)[C@@H](c2ccc3c(c2)OCO3)N1C(C)=O,MTPSQWLDIAVLAVAFIAAISGWRAGALGSMLSFGGVLLGATAGVLLAPHIVSQISAPRAKLFAALFLILALVVVGEVAGVVLGRAVRGAIRNRPIRLIDSVIGVGVQLVVVLTAAWLLAMPLTQSKEQPELAAAVKGSRVLARVNEAAPTWLKTVPKRLSALLNTSGLPAVLEPFSRTPVIPVASPDPALVNNPVVAATEPSVVKIRSLAPRCQKVLEGTGFVISPDRVMTNAHVVAGSNNVTVYAGDKPFEATVVSYDPSVDVAILAVPHLPPPPLVFAAEPAKTGADVVVLGYPGGGNFTATPARIREAIRLSGPDIYGDPEPVTRDVYTIRADVEQGDSGGPLIDLNGQVLGVVFGAAIDDAETGFVLTAGEVAGQLAKIGATQPVGTGACVS,6.099487781524658,10,MTPSQ,cysdb,1.779595136642456,0.24398325383663177,1.5488122701644897,0.16344201564788818,2.010378122329712,0.32452449202537537
C=CC(=O)N[C@@H]1CCO[C@H]1c1ccc(OC)nc1,MAVRELPGAWNFRDVADTATALRPGRLFRSSELSRLDDAGRATLRRLGITDVADLRSSREVARRGPGRVPDGIDVHLLPFPDLADDDADDSAPHETAFKRLLTNDGSNGESGESSQSINDAATRYMTDEYRQFPTRNGAQRALHRVVTLLAAGRPVLTHCFAGKDRTGFVVALVLEAVGLDRDVIVADYLRSNDSVPQLRARISEMIQQRFDTELAPEVVTFTKARLSDGVLGVRAEYLAAARQTIDETYGSLGGYLRDAGISQATVNRMRGVLLG,6.083624362945557,8,MAVRE,cysdb,2.340985059738159,0.11423181742429733,2.6417274475097656,0.04344697669148445,2.0402426719665527,0.1850166618824005
C=CC(=O)N1CCCC(n2ccnn2)C1,MAVRELPGAWNFRDVADTATALRPGRLFRSSELSRLDDAGRATLRRLGITDVADLRSSREVARRGPGRVPDGIDVHLLPFPDLADDDADDSAPHETAFKRLLTNDGSNGESGESSQSINDAATRYMTDEYRQFPTRNGAQRALHRVVTLLAAGRPVLTHCFAGKDRTGFVVALVLEAVGLDRDVIVADYLRSNDSVPQLRARISEMIQQRFDTELAPEVVTFTKARLSDGVLGVRAEYLAAARQTIDETYGSLGGYLRDAGISQATVNRMRGVLLG,6.047443389892578,9,MAVRE,cysdb,2.028512954711914,0.21232283115386963,1.8105818033218384,0.27020689845085144,2.2464442253112793,0.15443874895572662
NS(=O)(=O)c1ccc(Cl)c(NC(=O)CCl)c1,MAVRELPGAWNFRDVADTATALRPGRLFRSSELSRLDDAGRATLRRLGITDVADLRSSREVARRGPGRVPDGIDVHLLPFPDLADDDADDSAPHETAFKRLLTNDGSNGESGESSQSINDAATRYMTDEYRQFPTRNGAQRALHRVVTLLAAGRPVLTHCFAGKDRTGFVVALVLEAVGLDRDVIVADYLRSNDSVPQLRARISEMIQQRFDTELAPEVVTFTKARLSDGVLGVRAEYLAAARQTIDETYGSLGGYLRDAGISQATVNRMRGVLLG,6.043463706970215,10,MAVRE,cysdb,0.905377984046936,0.3759666979312897,1.102083444595337,0.32358941435813904,0.7086725831031799,0.4283439815044403
O=C1CCC(N2CC3=C(C=CC(CNC(=O)NC4=CC=CC=C4C4=CC=CC=C4)=C3)C2=O)C(=O)N1,MAVRELPGAWNFRDVADTATALRPGRLFRSSELSRLDDAGRATLRRLGITDVADLRSSREVARRGPGRVPDGIDVHLLPFPDLADDDADDSAPHETAFKRLLTNDGSNGESGESSQSINDAATRYMTDEYRQFPTRNGAQRALHRVVTLLAAGRPVLTHCFAGKDRTGFVVALVLEAVGLDRDVIVADYLRSNDSVPQLRARISEMIQQRFDTELAPEVVTFTKARLSDGVLGVRAEYLAAARQTIDETYGSLGGYLRDAGISQATVNRMRGVLLG,8.263971328735352,1,MAVRE,mol_glue,-0.34443581104278564,0.22407156229019165,-0.441853791475296,0.2759067416191101,-0.24701786041259766,0.172236368060112
O=C1CCC(N2CC3=CC(CNC(=O)NC4=C(Cl)C=CC=C4Cl)=CC=C3C2=O)C(=O)N1,MAVRELPGAWNFRDVADTATALRPGRLFRSSELSRLDDAGRATLRRLGITDVADLRSSREVARRGPGRVPDGIDVHLLPFPDLADDDADDSAPHETAFKRLLTNDGSNGESGESSQSINDAATRYMTDEYRQFPTRNGAQRALHRVVTLLAAGRPVLTHCFAGKDRTGFVVALVLEAVGLDRDVIVADYLRSNDSVPQLRARISEMIQQRFDTELAPEVVTFTKARLSDGVLGVRAEYLAAARQTIDETYGSLGGYLRDAGISQATVNRMRGVLLG,7.997522830963135,2,MAVRE,mol_glue,0.5168205499649048,0.3221867084503174,1.5039626359939575,0.2561684548854828,-0.4703214764595032,0.38820499181747437
O=C1CCC(N2CC3=CC(CNC(=O)NC4=CC=CC(Cl)=C4)=CC=C3C2=O)C(=O)N1,MAVRELPGAWNFRDVADTATALRPGRLFRSSELSRLDDAGRATLRRLGITDVADLRSSREVARRGPGRVPDGIDVHLLPFPDLADDDADDSAPHETAFKRLLTNDGSNGESGESSQSINDAATRYMTDEYRQFPTRNGAQRALHRVVTLLAAGRPVLTHCFAGKDRTGFVVALVLEAVGLDRDVIVADYLRSNDSVPQLRARISEMIQQRFDTELAPEVVTFTKARLSDGVLGVRAEYLAAARQTIDETYGSLGGYLRDAGISQATVNRMRGVLLG,7.844721794128418,3,MAVRE,mol_glue,0.18878266215324402,0.24540410935878754,1.2076619863510132,0.13726934790611267,-0.8300966620445251,0.3535388708114624
CC1=C(C)C2=C(S1)N1C(C)=NN=C1[C@H](CC(=O)N1CCN(C(=O)C3=CC=C(S(=O)(=O)F)N3)CC1)N=C2C1=CC=C(Cl)C=C1,MTPSQWLDIAVLAVAFIAAISGWRAGALGSMLSFGGVLLGATAGVLLAPHIVSQISAPRAKLFAALFLILALVVVGEVAGVVLGRAVRGAIRNRPIRLIDSVIGVGVQLVVVLTAAWLLAMPLTQSKEQPELAAAVKGSRVLARVNEAAPTWLKTVPKRLSALLNTSGLPAVLEPFSRTPVIPVASPDPALVNNPVVAATEPSVVKIRSLAPRCQKVLEGTGFVISPDRVMTNAHVVAGSNNVTVYAGDKPFEATVVSYDPSVDVAILAVPHLPPPPLVFAAEPAKTGADVVVLGYPGGGNFTATPARIREAIRLSGPDIYGDPEPVTRDVYTIRADVEQGDSGGPLIDLNGQVLGVVFGAAIDDAETGFVLTAGEVAGQLAKIGATQPVGTGACVS,7.841141700744629,1,MTPSQ,mol_glue,0.24587669968605042,0.38100600242614746,0.07167183607816696,0.4365173578262329,0.42008155584335327,0.325494647026062
O=C1CCC(N2CC3=C(NC4=NC(NC5=CC=CC=C5F)NC=C4)C=CC=C3C2=O)C(=O)N1,MAVRELPGAWNFRDVADTATALRPGRLFRSSELSRLDDAGRATLRRLGITDVADLRSSREVARRGPGRVPDGIDVHLLPFPDLADDDADDSAPHETAFKRLLTNDGSNGESGESSQSINDAATRYMTDEYRQFPTRNGAQRALHRVVTLLAAGRPVLTHCFAGKDRTGFVVALVLEAVGLDRDVIVADYLRSNDSVPQLRARISEMIQQRFDTELAPEVVTFTKARLSDGVLGVRAEYLAAARQTIDETYGSLGGYLRDAGISQATVNRMRGVLLG,7.80828857421875,4,MAVRE,mol_glue,0.36845001578330994,0.13234420120716095,0.668110728263855,0.1748969852924347,0.0687892884016037,0.08979140967130661
CC(C)(C)C1=CC=C(NC(=O)NCC2=CC=C3N=NN(C4CCC(=O)NC4=O)C(=O)C3=C2)C=C1Cl,MTPSQWLDIAVLAVAFIAAISGWRAGALGSMLSFGGVLLGATAGVLLAPHIVSQISAPRAKLFAALFLILALVVVGEVAGVVLGRAVRGAIRNRPIRLIDSVIGVGVQLVVVLTAAWLLAMPLTQSKEQPELAAAVKGSRVLARVNEAAPTWLKTVPKRLSALLNTSGLPAVLEPFSRTPVIPVASPDPALVNNPVVAATEPSVVKIRSLAPRCQKVLEGTGFVISPDRVMTNAHVVAGSNNVTVYAGDKPFEATVVSYDPSVDVAILAVPHLPPPPLVFAAEPAKTGADVVVLGYPGGGNFTATPARIREAIRLSGPDIYGDPEPVTRDVYTIRADVEQGDSGGPLIDLNGQVLGVVFGAAIDDAETGFVLTAGEVAGQLAKIGATQPVGTGACVS,7.805915832519531,2,MTPSQ,mol_glue,-0.47975441813468933,0.20501556992530823,-0.11195479333400726,0.20441173017024994,-0.8475540280342102,0.2056194245815277
CC(NC(=O)NC1=CC=C(C(C)(C)C)C(Cl)=C1)C1=CC=C2N=NN(C3CCC(=O)NC3=O)C(=O)C2=C1,MTPSQWLDIAVLAVAFIAAISGWRAGALGSMLSFGGVLLGATAGVLLAPHIVSQISAPRAKLFAALFLILALVVVGEVAGVVLGRAVRGAIRNRPIRLIDSVIGVGVQLVVVLTAAWLLAMPLTQSKEQPELAAAVKGSRVLARVNEAAPTWLKTVPKRLSALLNTSGLPAVLEPFSRTPVIPVASPDPALVNNPVVAATEPSVVKIRSLAPRCQKVLEGTGFVISPDRVMTNAHVVAGSNNVTVYAGDKPFEATVVSYDPSVDVAILAVPHLPPPPLVFAAEPAKTGADVVVLGYPGGGNFTATPARIREAIRLSGPDIYGDPEPVTRDVYTIRADVEQGDSGGPLIDLNGQVLGVVFGAAIDDAETGFVLTAGEVAGQLAKIGATQPVGTGACVS,7.77745771408081,3,MTPSQ,mol_glue,-0.4347606301307678,0.17452019453048706,-0.07605406641960144,0.15916046500205994,-0.7934671640396118,0.18987993896007538
O=C1CCC(N2CC3=CC(CNC(=O)NC4=C(Cl)C=CC=C4)=CC=C3C2=O)C(=O)N1,MAVRELPGAWNFRDVADTATALRPGRLFRSSELSRLDDAGRATLRRLGITDVADLRSSREVARRGPGRVPDGIDVHLLPFPDLADDDADDSAPHETAFKRLLTNDGSNGESGESSQSINDAATRYMTDEYRQFPTRNGAQRALHRVVTLLAAGRPVLTHCFAGKDRTGFVVALVLEAVGLDRDVIVADYLRSNDSVPQLRARISEMIQQRFDTELAPEVVTFTKARLSDGVLGVRAEYLAAARQTIDETYGSLGGYLRDAGISQATVNRMRGVLLG,7.776780605316162,5,MAVRE,mol_glue,0.2850451171398163,0.34269505739212036,1.3737658262252808,0.16555048525333405,-0.8036755919456482,0.5198396444320679
NCC1CN(C2=CC(N3C4CCC3CN(C3=CC(C5=CC=CC=C5O)=NN=C3N)C4)=CC=N2)C1,MTPSQWLDIAVLAVAFIAAISGWRAGALGSMLSFGGVLLGATAGVLLAPHIVSQISAPRAKLFAALFLILALVVVGEVAGVVLGRAVRGAIRNRPIRLIDSVIGVGVQLVVVLTAAWLLAMPLTQSKEQPELAAAVKGSRVLARVNEAAPTWLKTVPKRLSALLNTSGLPAVLEPFSRTPVIPVASPDPALVNNPVVAATEPSVVKIRSLAPRCQKVLEGTGFVISPDRVMTNAHVVAGSNNVTVYAGDKPFEATVVSYDPSVDVAILAVPHLPPPPLVFAAEPAKTGADVVVLGYPGGGNFTATPARIREAIRLSGPDIYGDPEPVTRDVYTIRADVEQGDSGGPLIDLNGQVLGVVFGAAIDDAETGFVLTAGEVAGQLAKIGATQPVGTGACVS,7.77113151550293,4,MTPSQ,mol_glue,0.19481593370437622,0.11140699684619904,0.20698466897010803,0.14362819492816925,0.1826471984386444,0.07918579131364822
NCCC1CC(NC2=CC(N3C4CCC3CN(C3=CC(C5=CC=CC=C5O)=NN=C3N)C4)=CC=N2)C1,MTPSQWLDIAVLAVAFIAAISGWRAGALGSMLSFGGVLLGATAGVLLAPHIVSQISAPRAKLFAALFLILALVVVGEVAGVVLGRAVRGAIRNRPIRLIDSVIGVGVQLVVVLTAAWLLAMPLTQSKEQPELAAAVKGSRVLARVNEAAPTWLKTVPKRLSALLNTSGLPAVLEPFSRTPVIPVASPDPALVNNPVVAATEPSVVKIRSLAPRCQKVLEGTGFVISPDRVMTNAHVVAGSNNVTVYAGDKPFEATVVSYDPSVDVAILAVPHLPPPPLVFAAEPAKTGADVVVLGYPGGGNFTATPARIREAIRLSGPDIYGDPEPVTRDVYTIRADVEQGDSGGPLIDLNGQVLGVVFGAAIDDAETGFVLTAGEVAGQLAKIGATQPVGTGACVS,7.769597053527832,5,MTPSQ,mol_glue,0.7120329737663269,0.09382343292236328,0.8708541989326477,0.054198723286390305,0.5532117486000061,0.13344813883304596
O=C1CCC(N2CC3=CC(CNC(=O)NC4=C(Cl)C=C(Cl)C=C4)=CC=C3C2=O)C(=O)N1,MAVRELPGAWNFRDVADTATALRPGRLFRSSELSRLDDAGRATLRRLGITDVADLRSSREVARRGPGRVPDGIDVHLLPFPDLADDDADDSAPHETAFKRLLTNDGSNGESGESSQSINDAATRYMTDEYRQFPTRNGAQRALHRVVTLLAAGRPVLTHCFAGKDRTGFVVALVLEAVGLDRDVIVADYLRSNDSVPQLRARISEMIQQRFDTELAPEVVTFTKARLSDGVLGVRAEYLAAARQTIDETYGSLGGYLRDAGISQATVNRMRGVLLG,7.755678653717041,6,MAVRE,mol_glue,0.25952231884002686,0.11588927358388901,0.9343711137771606,0.056136731058359146,-0.4153265058994293,0.17564181983470917
CC1=CC=C(NC(=O)NCC2=CC=C3C(=O)N(C4CCC(=O)NC4=O)CC3=C2)C=C1Cl,MAVRELPGAWNFRDVADTATALRPGRLFRSSELSRLDDAGRATLRRLGITDVADLRSSREVARRGPGRVPDGIDVHLLPFPDLADDDADDSAPHETAFKRLLTNDGSNGESGESSQSINDAATRYMTDEYRQFPTRNGAQRALHRVVTLLAAGRPVLTHCFAGKDRTGFVVALVLEAVGLDRDVIVADYLRSNDSVPQLRARISEMIQQRFDTELAPEVVTFTKARLSDGVLGVRAEYLAAARQTIDETYGSLGGYLRDAGISQATVNRMRGVLLG,7.754086971282959,7,MAVRE,mol_glue,0.31273630261421204,0.13380692899227142,-0.26097166538238525,0.17431186139583588,0.8864442706108093,0.09330198913812637
COC1=CC2=C(C=C1)C(CC(=O)NC1=CC=C3C(=O)N(C4CCC(=O)NC4=O)CC3=C1)=CC=C2,MAVRELPGAWNFRDVADTATALRPGRLFRSSELSRLDDAGRATLRRLGITDVADLRSSREVARRGPGRVPDGIDVHLLPFPDLADDDADDSAPHETAFKRLLTNDGSNGESGESSQSINDAATRYMTDEYRQFPTRNGAQRALHRVVTLLAAGRPVLTHCFAGKDRTGFVVALVLEAVGLDRDVIVADYLRSNDSVPQLRARISEMIQQRFDTELAPEVVTFTKARLSDGVLGVRAEYLAAARQTIDETYGSLGGYLRDAGISQATVNRMRGVLLG,7.741959571838379,8,MAVRE,mol_glue,0.14964956045150757,0.20833364129066467,0.4452635645866394,0.2721199095249176,-0.14596442878246307,0.14454737305641174
CC1=C(C)C2=C(S1)N1C(C)=NN=C1[C@H](CC(=O)N1CCN(C(=O)C3=CC=C(S(=O)(=O)F)N3)CC1)N=C2C1=CC=C(Cl)C=C1,MAVRELPGAWNFRDVADTATALRPGRLFRSSELSRLDDAGRATLRRLGITDVADLRSSREVARRGPGRVPDGIDVHLLPFPDLADDDADDSAPHETAFKRLLTNDGSNGESGESSQSINDAATRYMTDEYRQFPTRNGAQRALHRVVTLLAAGRPVLTHCFAGKDRTGFVVALVLEAVGLDRDVIVADYLRSNDSVPQLRARISEMIQQRFDTELAPEVVTFTKARLSDGVLGVRAEYLAAARQTIDETYGSLGGYLRDAGISQATVNRMRGVLLG,7.727626800537109,9,MAVRE,mol_glue,-0.3171997368335724,0.6201969385147095,-0.20283707976341248,0.7073980569839478,-0.4315623939037323,0.5329958200454712
NCCCCNC1=CC(N2C3CCC2CN(C2=CC(C4=CC=CC=C4O)=NN=C2N)C3)=CC=N1,MTPSQWLDIAVLAVAFIAAISGWRAGALGSMLSFGGVLLGATAGVLLAPHIVSQISAPRAKLFAALFLILALVVVGEVAGVVLGRAVRGAIRNRPIRLIDSVIGVGVQLVVVLTAAWLLAMPLTQSKEQPELAAAVKGSRVLARVNEAAPTWLKTVPKRLSALLNTSGLPAVLEPFSRTPVIPVASPDPALVNNPVVAATEPSVVKIRSLAPRCQKVLEGTGFVISPDRVMTNAHVVAGSNNVTVYAGDKPFEATVVSYDPSVDVAILAVPHLPPPPLVFAAEPAKTGADVVVLGYPGGGNFTATPARIREAIRLSGPDIYGDPEPVTRDVYTIRADVEQGDSGGPLIDLNGQVLGVVFGAAIDDAETGFVLTAGEVAGQLAKIGATQPVGTGACVS,7.705217361450195,6,MTPSQ,mol_glue,1.6837290525436401,0.12164570391178131,1.9661954641342163,0.09054189920425415,1.401262640953064,0.15274950861930847
O=C1CCC(N2CC3=CC(CNC(=O)NC4=CC=C(Cl)C=C4)=CC=C3C2=O)C(=O)N1,MAVRELPGAWNFRDVADTATALRPGRLFRSSELSRLDDAGRATLRRLGITDVADLRSSREVARRGPGRVPDGIDVHLLPFPDLADDDADDSAPHETAFKRLLTNDGSNGESGESSQSINDAATRYMTDEYRQFPTRNGAQRALHRVVTLLAAGRPVLTHCFAGKDRTGFVVALVLEAVGLDRDVIVADYLRSNDSVPQLRARISEMIQQRFDTELAPEVVTFTKARLSDGVLGVRAEYLAAARQTIDETYGSLGGYLRDAGISQATVNRMRGVLLG,7.696897029876709,10,MAVRE,mol_glue,0.1081731915473938,0.1988774836063385,0.4498307704925537,0.19150736927986145,-0.2334843873977661,0.20624759793281555
C=CC(=O)NC(CC1=CC=C(F)C=C1)C(=O)NCC1=CC=C2C(=O)N(C3CCC(=O)NC3=O)CC2=C1,MLRGIQALSRPLTRVYRALAVIGVLAASLLASWVGAVPQVGLAASALPTFAHVVIVVEENRSQAAIIGNKSAPFINSLAANGAMMAQAFAETHPSEPNYLALFAGNTFGLTKNTCPVNGGALPNLGSELLSAGYTFMGFAEDLPAVGSTVCSAGKYARKHVPWVNFSNVPTTLSVPFSAFPKPQNYPGLPTVSFVIPNADNDMHDGSIAQGDAWLNRHLSAYANWAKTNNSLLVVTWDEDDGSSRNQIPTVFYGAHVRPGTYNETISHYNVLSTLEQIYGLPKTGYATNAPPITDIWGD,7.683113098144531,1,MLRGI,mol_glue,-0.18808571994304657,0.17319422960281372,-0.034384213387966156,0.1280047744512558,-0.3417872190475464,0.21838369965553284
NC1=NN=C(C2=CC=CC=C2O)C=C1N1CC2CCC(C1)N2C1=CC=NC(C#CCCN2CCCCCC2)=C1,MTPSQWLDIAVLAVAFIAAISGWRAGALGSMLSFGGVLLGATAGVLLAPHIVSQISAPRAKLFAALFLILALVVVGEVAGVVLGRAVRGAIRNRPIRLIDSVIGVGVQLVVVLTAAWLLAMPLTQSKEQPELAAAVKGSRVLARVNEAAPTWLKTVPKRLSALLNTSGLPAVLEPFSRTPVIPVASPDPALVNNPVVAATEPSVVKIRSLAPRCQKVLEGTGFVISPDRVMTNAHVVAGSNNVTVYAGDKPFEATVVSYDPSVDVAILAVPHLPPPPLVFAAEPAKTGADVVVLGYPGGGNFTATPARIREAIRLSGPDIYGDPEPVTRDVYTIRADVEQGDSGGPLIDLNGQVLGVVFGAAIDDAETGFVLTAGEVAGQLAKIGATQPVGTGACVS,7.659730911254883,7,MTPSQ,mol_glue,1.0379219055175781,0.14666207134723663,1.5214523077011108,0.11591475456953049,0.5543915033340454,0.17740939557552338
CC1=C(C)C2=C(S1)N1C(C)=NN=C1[C@H](CC(=O)N(C)C)N=C2C1=CC=C(C2=CC=C(F)C(NC(=O)C3=C4N=CC=CN4N=C3)=C2)C=C1,MTPSQWLDIAVLAVAFIAAISGWRAGALGSMLSFGGVLLGATAGVLLAPHIVSQISAPRAKLFAALFLILALVVVGEVAGVVLGRAVRGAIRNRPIRLIDSVIGVGVQLVVVLTAAWLLAMPLTQSKEQPELAAAVKGSRVLARVNEAAPTWLKTVPKRLSALLNTSGLPAVLEPFSRTPVIPVASPDPALVNNPVVAATEPSVVKIRSLAPRCQKVLEGTGFVISPDRVMTNAHVVAGSNNVTVYAGDKPFEATVVSYDPSVDVAILAVPHLPPPPLVFAAEPAKTGADVVVLGYPGGGNFTATPARIREAIRLSGPDIYGDPEPVTRDVYTIRADVEQGDSGGPLIDLNGQVLGVVFGAAIDDAETGFVLTAGEVAGQLAKIGATQPVGTGACVS,7.651756286621094,8,MTPSQ,mol_glue,-0.47676244378089905,0.14221979677677155,-1.03003990650177,0.19941549003124237,0.07651503384113312,0.08502409607172012
NCCCCNC1=CC(N2C3CCC2CN(C2=CC(C4=CC=CC=C4O)=NN=C2N)C3)=CC=N1,MLRGIQALSRPLTRVYRALAVIGVLAASLLASWVGAVPQVGLAASALPTFAHVVIVVEENRSQAAIIGNKSAPFINSLAANGAMMAQAFAETHPSEPNYLALFAGNTFGLTKNTCPVNGGALPNLGSELLSAGYTFMGFAEDLPAVGSTVCSAGKYARKHVPWVNFSNVPTTLSVPFSAFPKPQNYPGLPTVSFVIPNADNDMHDGSIAQGDAWLNRHLSAYANWAKTNNSLLVVTWDEDDGSSRNQIPTVFYGAHVRPGTYNETISHYNVLSTLEQIYGLPKTGYATNAPPITDIWGD,7.635862350463867,2,MLRGI,mol_glue,0.6267057061195374,0.11775901168584824,0.9250873327255249,0.1286725401878357,0.3283240795135498,0.10684548318386078
CSC1=CC=C(C2(NC(=O)NC3=CC4=C(C=C3)C(=O)N(C3CCC(=O)NC3=O)C4)CCOC2)C=C1,MTPSQWLDIAVLAVAFIAAISGWRAGALGSMLSFGGVLLGATAGVLLAPHIVSQISAPRAKLFAALFLILALVVVGEVAGVVLGRAVRGAIRNRPIRLIDSVIGVGVQLVVVLTAAWLLAMPLTQSKEQPELAAAVKGSRVLARVNEAAPTWLKTVPKRLSALLNTSGLPAVLEPFSRTPVIPVASPDPALVNNPVVAATEPSVVKIRSLAPRCQKVLEGTGFVISPDRVMTNAHVVAGSNNVTVYAGDKPFEATVVSYDPSVDVAILAVPHLPPPPLVFAAEPAKTGADVVVLGYPGGGNFTATPARIREAIRLSGPDIYGDPEPVTRDVYTIRADVEQGDSGGPLIDLNGQVLGVVFGAAIDDAETGFVLTAGEVAGQLAKIGATQPVGTGACVS,7.619886875152588,9,MTPSQ,mol_glue,-0.1347581297159195,0.20507630705833435,0.07161321491003036,0.09703563153743744,-0.34112948179244995,0.31311699748039246
O=C1CCC(N2CC3=CC(CNC(=O)NC4=C(Cl)C=CC=C4Cl)=CC=C3C2=O)C(=O)N1,MLRGIQALSRPLTRVYRALAVIGVLAASLLASWVGAVPQVGLAASALPTFAHVVIVVEENRSQAAIIGNKSAPFINSLAANGAMMAQAFAETHPSEPNYLALFAGNTFGLTKNTCPVNGGALPNLGSELLSAGYTFMGFAEDLPAVGSTVCSAGKYARKHVPWVNFSNVPTTLSVPFSAFPKPQNYPGLPTVSFVIPNADNDMHDGSIAQGDAWLNRHLSAYANWAKTNNSLLVVTWDEDDGSSRNQIPTVFYGAHVRPGTYNETISHYNVLSTLEQIYGLPKTGYATNAPPITDIWGD,7.618773460388184,3,MLRGI,mol_glue,0.27950161695480347,0.09626731276512146,-0.15882307291030884,0.05907897651195526,0.7178263068199158,0.13345564901828766
O=C1CC[C@H](N2CC3=CC(C4=CN=C5CN(CC6=CC=CC=C6C6=CC=C(Cl)C=C6)CCN45)=CC=C3C2=O)C(=O)N1,MTPSQWLDIAVLAVAFIAAISGWRAGALGSMLSFGGVLLGATAGVLLAPHIVSQISAPRAKLFAALFLILALVVVGEVAGVVLGRAVRGAIRNRPIRLIDSVIGVGVQLVVVLTAAWLLAMPLTQSKEQPELAAAVKGSRVLARVNEAAPTWLKTVPKRLSALLNTSGLPAVLEPFSRTPVIPVASPDPALVNNPVVAATEPSVVKIRSLAPRCQKVLEGTGFVISPDRVMTNAHVVAGSNNVTVYAGDKPFEATVVSYDPSVDVAILAVPHLPPPPLVFAAEPAKTGADVVVLGYPGGGNFTATPARIREAIRLSGPDIYGDPEPVTRDVYTIRADVEQGDSGGPLIDLNGQVLGVVFGAAIDDAETGFVLTAGEVAGQLAKIGATQPVGTGACVS,7.618349075317383,10,MTPSQ,mol_glue,0.00413629412651062,0.13346657156944275,-0.391868531703949,0.10659201443195343,0.4001411199569702,0.16034112870693207
O=C1CCC(N2CC3=CC(CNC(=O)/C(CC4=CC=C(Br)C=C4)=N/O)=CC=C3C2=O)C(=O)N1,MLRGIQALSRPLTRVYRALAVIGVLAASLLASWVGAVPQVGLAASALPTFAHVVIVVEENRSQAAIIGNKSAPFINSLAANGAMMAQAFAETHPSEPNYLALFAGNTFGLTKNTCPVNGGALPNLGSELLSAGYTFMGFAEDLPAVGSTVCSAGKYARKHVPWVNFSNVPTTLSVPFSAFPKPQNYPGLPTVSFVIPNADNDMHDGSIAQGDAWLNRHLSAYANWAKTNNSLLVVTWDEDDGSSRNQIPTVFYGAHVRPGTYNETISHYNVLSTLEQIYGLPKTGYATNAPPITDIWGD,7.465487480163574,4,MLRGI,mol_glue,0.39916130900382996,0.272268682718277,-0.3132665753364563,0.48430967330932617,1.1115891933441162,0.06022766977548599
O=C1CCC(N2CC3=CC(CNC(=O)/C(CC4=CC=C(Cl)C=C4)=N/O)=CC=C3C2=O)C(=O)N1,MLRGIQALSRPLTRVYRALAVIGVLAASLLASWVGAVPQVGLAASALPTFAHVVIVVEENRSQAAIIGNKSAPFINSLAANGAMMAQAFAETHPSEPNYLALFAGNTFGLTKNTCPVNGGALPNLGSELLSAGYTFMGFAEDLPAVGSTVCSAGKYARKHVPWVNFSNVPTTLSVPFSAFPKPQNYPGLPTVSFVIPNADNDMHDGSIAQGDAWLNRHLSAYANWAKTNNSLLVVTWDEDDGSSRNQIPTVFYGAHVRPGTYNETISHYNVLSTLEQIYGLPKTGYATNAPPITDIWGD,7.460000991821289,5,MLRGI,mol_glue,0.9139906764030457,0.22048981487751007,0.37593019008636475,0.36479702591896057,1.4520511627197266,0.07618259638547897
O=C1CCC(N2CC3=CC(CNC(=O)/C(CC4=CC=C(F)C=C4)=N/O)=CC=C3C2=O)C(=O)N1,MLRGIQALSRPLTRVYRALAVIGVLAASLLASWVGAVPQVGLAASALPTFAHVVIVVEENRSQAAIIGNKSAPFINSLAANGAMMAQAFAETHPSEPNYLALFAGNTFGLTKNTCPVNGGALPNLGSELLSAGYTFMGFAEDLPAVGSTVCSAGKYARKHVPWVNFSNVPTTLSVPFSAFPKPQNYPGLPTVSFVIPNADNDMHDGSIAQGDAWLNRHLSAYANWAKTNNSLLVVTWDEDDGSSRNQIPTVFYGAHVRPGTYNETISHYNVLSTLEQIYGLPKTGYATNAPPITDIWGD,7.36346435546875,6,MLRGI,mol_glue,0.4117726981639862,0.13295425474643707,0.7555446624755859,0.13216416537761688,0.06800071895122528,0.13374434411525726
O=C1CCC(N2CC3=C(C=CC(CNC(=O)NC4=CC=CC=C4C4=CC=CC=C4)=C3)C2=O)C(=O)N1,MLRGIQALSRPLTRVYRALAVIGVLAASLLASWVGAVPQVGLAASALPTFAHVVIVVEENRSQAAIIGNKSAPFINSLAANGAMMAQAFAETHPSEPNYLALFAGNTFGLTKNTCPVNGGALPNLGSELLSAGYTFMGFAEDLPAVGSTVCSAGKYARKHVPWVNFSNVPTTLSVPFSAFPKPQNYPGLPTVSFVIPNADNDMHDGSIAQGDAWLNRHLSAYANWAKTNNSLLVVTWDEDDGSSRNQIPTVFYGAHVRPGTYNETISHYNVLSTLEQIYGLPKTGYATNAPPITDIWGD,7.350133895874023,7,MLRGI,mol_glue,0.43374142050743103,0.13649103045463562,0.2937612533569336,0.07441139966249466,0.5737215876579285,0.19857065379619598
O=C1CCC(N2CC3=CC(CNC(=O)/C(CC4=CC=C([N+](=O)[O-])C=C4)=N/O)=CC=C3C2=O)C(=O)N1,MLRGIQALSRPLTRVYRALAVIGVLAASLLASWVGAVPQVGLAASALPTFAHVVIVVEENRSQAAIIGNKSAPFINSLAANGAMMAQAFAETHPSEPNYLALFAGNTFGLTKNTCPVNGGALPNLGSELLSAGYTFMGFAEDLPAVGSTVCSAGKYARKHVPWVNFSNVPTTLSVPFSAFPKPQNYPGLPTVSFVIPNADNDMHDGSIAQGDAWLNRHLSAYANWAKTNNSLLVVTWDEDDGSSRNQIPTVFYGAHVRPGTYNETISHYNVLSTLEQIYGLPKTGYATNAPPITDIWGD,7.349072456359863,8,MLRGI,mol_glue,1.041425347328186,0.14106513559818268,0.5114886164665222,0.09828297048807144,1.571362018585205,0.1838473081588745
NCCC1CC(NC2=CC(N3C4CCC3CN(C3=CC(C5=CC=CC=C5O)=NN=C3N)C4)=CC=N2)C1,MLRGIQALSRPLTRVYRALAVIGVLAASLLASWVGAVPQVGLAASALPTFAHVVIVVEENRSQAAIIGNKSAPFINSLAANGAMMAQAFAETHPSEPNYLALFAGNTFGLTKNTCPVNGGALPNLGSELLSAGYTFMGFAEDLPAVGSTVCSAGKYARKHVPWVNFSNVPTTLSVPFSAFPKPQNYPGLPTVSFVIPNADNDMHDGSIAQGDAWLNRHLSAYANWAKTNNSLLVVTWDEDDGSSRNQIPTVFYGAHVRPGTYNETISHYNVLSTLEQIYGLPKTGYATNAPPITDIWGD,7.276704788208008,9,MLRGI,mol_glue,0.31473663449287415,0.08262679725885391,0.5484786033630371,0.07509340345859528,0.08099468052387238,0.09016019105911255
NCCCCCCC#CC1=CC(N2C3CCC2CN(C2=CC(C4=CC=CC=C4O)=NN=C2N)C3)=CC=N1,MLRGIQALSRPLTRVYRALAVIGVLAASLLASWVGAVPQVGLAASALPTFAHVVIVVEENRSQAAIIGNKSAPFINSLAANGAMMAQAFAETHPSEPNYLALFAGNTFGLTKNTCPVNGGALPNLGSELLSAGYTFMGFAEDLPAVGSTVCSAGKYARKHVPWVNFSNVPTTLSVPFSAFPKPQNYPGLPTVSFVIPNADNDMHDGSIAQGDAWLNRHLSAYANWAKTNNSLLVVTWDEDDGSSRNQIPTVFYGAHVRPGTYNETISHYNVLSTLEQIYGLPKTGYATNAPPITDIWGD,7.249479293823242,10,MLRGI,mol_glue,0.06920088827610016,0.07081077992916107,0.49272119998931885,0.06286570429801941,-0.35431942343711853,0.07875584810972214
