SMILES,Sequence,Predicted pChEMBL,Rank,Protein_ID,Dataset,Boltz_Affinity,Boltz_Prob_Binary,Boltz_Affinity_1,Boltz_Prob_Binary_1,Boltz_Affinity_2,Boltz_Prob_Binary_2,Pred_Normalized,Boltz_Normalized,Combined_Score
O=C1CCC(N2CC3=C(C=CC(CNC(=O)NC4=CC=CC=C4C4=CC=CC=C4)=C3)C2=O)C(=O)N1,MAVRELPGAWNFRDVADTATALRPGRLFRSSELSRLDDAGRATLRRLGITDVADLRSSREVARRGPGRVPDGIDVHLLPFPDLADDDADDSAPHETAFKRLLTNDGSNGESGESSQSINDAATRYMTDEYRQFPTRNGAQRALHRVVTLLAAGRPVLTHCFAGKDRTGFVVALVLEAVGLDRDVIVADYLRSNDSVPQLRARISEMIQQRFDTELAPEVVTFTKARLSDGVLGVRAEYLAAARQTIDETYGSLGGYLRDAGISQATVNRMRGVLLG,8.263971328735352,1,MAVRE,mol_glue,-0.34443581104278564,0.22407156229019165,-0.441853791475296,0.2759067416191101,-0.24701786041259766,0.172236368060112,1.0,0.9680934224436816,0.9840467112218407
CC(C)(C)C1=CC=C(NC(=O)NCC2=CC=C3N=NN(C4CCC(=O)NC4=O)C(=O)C3=C2)C=C1Cl,MTPSQWLDIAVLAVAFIAAISGWRAGALGSMLSFGGVLLGATAGVLLAPHIVSQISAPRAKLFAALFLILALVVVGEVAGVVLGRAVRGAIRNRPIRLIDSVIGVGVQLVVVLTAAWLLAMPLTQSKEQPELAAAVKGSRVLARVNEAAPTWLKTVPKRLSALLNTSGLPAVLEPFSRTPVIPVASPDPALVNNPVVAATEPSVVKIRSLAPRCQKVLEGTGFVISPDRVMTNAHVVAGSNNVTVYAGDKPFEATVVSYDPSVDVAILAVPHLPPPPLVFAAEPAKTGADVVVLGYPGGGNFTATPARIREAIRLSGPDIYGDPEPVTRDVYTIRADVEQGDSGGPLIDLNGQVLGVVFGAAIDDAETGFVLTAGEVAGQLAKIGATQPVGTGACVS,7.805915832519531,2,MTPSQ,mol_glue,-0.47975441813468933,0.20501556992530823,-0.11195479333400726,0.20441173017024994,-0.8475540280342102,0.2056194245815277,0.7937158640096446,1.0,0.8968579320048222
CC(NC(=O)NC1=CC=C(C(C)(C)C)C(Cl)=C1)C1=CC=C2N=NN(C3CCC(=O)NC3=O)C(=O)C2=C1,MTPSQWLDIAVLAVAFIAAISGWRAGALGSMLSFGGVLLGATAGVLLAPHIVSQISAPRAKLFAALFLILALVVVGEVAGVVLGRAVRGAIRNRPIRLIDSVIGVGVQLVVVLTAAWLLAMPLTQSKEQPELAAAVKGSRVLARVNEAAPTWLKTVPKRLSALLNTSGLPAVLEPFSRTPVIPVASPDPALVNNPVVAATEPSVVKIRSLAPRCQKVLEGTGFVISPDRVMTNAHVVAGSNNVTVYAGDKPFEATVVSYDPSVDVAILAVPHLPPPPLVFAAEPAKTGADVVVLGYPGGGNFTATPARIREAIRLSGPDIYGDPEPVTRDVYTIRADVEQGDSGGPLIDLNGQVLGVVFGAAIDDAETGFVLTAGEVAGQLAKIGATQPVGTGACVS,7.77745771408081,3,MTPSQ,mol_glue,-0.4347606301307678,0.17452019453048706,-0.07605406641960144,0.15916046500205994,-0.7934671640396118,0.18987993896007538,0.7808998222362326,0.9893909801663517,0.8851454012012921
CC1=C(C)C2=C(S1)N1C(C)=NN=C1[C@H](CC(=O)N(C)C)N=C2C1=CC=C(C2=CC=C(F)C(NC(=O)C3=C4N=CC=CN4N=C3)=C2)C=C1,MTPSQWLDIAVLAVAFIAAISGWRAGALGSMLSFGGVLLGATAGVLLAPHIVSQISAPRAKLFAALFLILALVVVGEVAGVVLGRAVRGAIRNRPIRLIDSVIGVGVQLVVVLTAAWLLAMPLTQSKEQPELAAAVKGSRVLARVNEAAPTWLKTVPKRLSALLNTSGLPAVLEPFSRTPVIPVASPDPALVNNPVVAATEPSVVKIRSLAPRCQKVLEGTGFVISPDRVMTNAHVVAGSNNVTVYAGDKPFEATVVSYDPSVDVAILAVPHLPPPPLVFAAEPAKTGADVVVLGYPGGGNFTATPARIREAIRLSGPDIYGDPEPVTRDVYTIRADVEQGDSGGPLIDLNGQVLGVVFGAAIDDAETGFVLTAGEVAGQLAKIGATQPVGTGACVS,7.651756286621094,8,MTPSQ,mol_glue,-0.47676244378089905,0.14221979677677155,-1.03003990650177,0.19941549003124237,0.07651503384113312,0.08502409607172012,0.7242905018143586,0.9992945267187026,0.8617925142665306
CC1=C(C)C2=C(S1)N1C(C)=NN=C1[C@H](CC(=O)N1CCN(C(=O)C3=CC=C(S(=O)(=O)F)N3)CC1)N=C2C1=CC=C(Cl)C=C1,MAVRELPGAWNFRDVADTATALRPGRLFRSSELSRLDDAGRATLRRLGITDVADLRSSREVARRGPGRVPDGIDVHLLPFPDLADDDADDSAPHETAFKRLLTNDGSNGESGESSQSINDAATRYMTDEYRQFPTRNGAQRALHRVVTLLAAGRPVLTHCFAGKDRTGFVVALVLEAVGLDRDVIVADYLRSNDSVPQLRARISEMIQQRFDTELAPEVVTFTKARLSDGVLGVRAEYLAAARQTIDETYGSLGGYLRDAGISQATVNRMRGVLLG,7.727626800537109,9,MAVRE,mol_glue,-0.3171997368335724,0.6201969385147095,-0.20283707976341248,0.7073980569839478,-0.4315623939037323,0.5329958200454712,0.758458596160148,0.9616714681185407,0.8600650321393444
C=CC(=O)NC(CC1=CC=C(F)C=C1)C(=O)NCC1=CC=C2C(=O)N(C3CCC(=O)NC3=O)CC2=C1,MLRGIQALSRPLTRVYRALAVIGVLAASLLASWVGAVPQVGLAASALPTFAHVVIVVEENRSQAAIIGNKSAPFINSLAANGAMMAQAFAETHPSEPNYLALFAGNTFGLTKNTCPVNGGALPNLGSELLSAGYTFMGFAEDLPAVGSTVCSAGKYARKHVPWVNFSNVPTTLSVPFSAFPKPQNYPGLPTVSFVIPNADNDMHDGSIAQGDAWLNRHLSAYANWAKTNNSLLVVTWDEDDGSSRNQIPTVFYGAHVRPGTYNETISHYNVLSTLEQIYGLPKTGYATNAPPITDIWGD,7.683113098144531,1,MLRGI,mol_glue,-0.18808571994304657,0.17319422960281372,-0.034384213387966156,0.1280047744512558,-0.3417872190475464,0.21838369965553284,0.7384119626983844,0.9312278618617346,0.8348199122800595
O=C1CCC(N2CC3=CC(CNC(=O)NC4=CC=CC(Cl)=C4)=CC=C3C2=O)C(=O)N1,MAVRELPGAWNFRDVADTATALRPGRLFRSSELSRLDDAGRATLRRLGITDVADLRSSREVARRGPGRVPDGIDVHLLPFPDLADDDADDSAPHETAFKRLLTNDGSNGESGESSQSINDAATRYMTDEYRQFPTRNGAQRALHRVVTLLAAGRPVLTHCFAGKDRTGFVVALVLEAVGLDRDVIVADYLRSNDSVPQLRARISEMIQQRFDTELAPEVVTFTKARLSDGVLGVRAEYLAAARQTIDETYGSLGGYLRDAGISQATVNRMRGVLLG,7.844721794128418,3,MAVRE,mol_glue,0.18878266215324402,0.24540410935878754,1.2076619863510132,0.13726934790611267,-0.8300966620445251,0.3535388708114624,0.8111920308232665,0.8423666141715861,0.8267793224974263
O=C1CCC(N2CC3=CC(CNC(=O)NC4=C(Cl)C=CC=C4Cl)=CC=C3C2=O)C(=O)N1,MAVRELPGAWNFRDVADTATALRPGRLFRSSELSRLDDAGRATLRRLGITDVADLRSSREVARRGPGRVPDGIDVHLLPFPDLADDDADDSAPHETAFKRLLTNDGSNGESGESSQSINDAATRYMTDEYRQFPTRNGAQRALHRVVTLLAAGRPVLTHCFAGKDRTGFVVALVLEAVGLDRDVIVADYLRSNDSVPQLRARISEMIQQRFDTELAPEVVTFTKARLSDGVLGVRAEYLAAARQTIDETYGSLGGYLRDAGISQATVNRMRGVLLG,7.997522830963135,2,MAVRE,mol_glue,0.5168205499649048,0.3221867084503174,1.5039626359939575,0.2561684548854828,-0.4703214764595032,0.38820499181747437,0.8800055918923574,0.7650190377088377,0.8225123148005975
CC1=C(C)C2=C(S1)N1C(C)=NN=C1[C@H](CC(=O)N1CCN(C(=O)C3=CC=C(S(=O)(=O)F)N3)CC1)N=C2C1=CC=C(Cl)C=C1,MTPSQWLDIAVLAVAFIAAISGWRAGALGSMLSFGGVLLGATAGVLLAPHIVSQISAPRAKLFAALFLILALVVVGEVAGVVLGRAVRGAIRNRPIRLIDSVIGVGVQLVVVLTAAWLLAMPLTQSKEQPELAAAVKGSRVLARVNEAAPTWLKTVPKRLSALLNTSGLPAVLEPFSRTPVIPVASPDPALVNNPVVAATEPSVVKIRSLAPRCQKVLEGTGFVISPDRVMTNAHVVAGSNNVTVYAGDKPFEATVVSYDPSVDVAILAVPHLPPPPLVFAAEPAKTGADVVVLGYPGGGNFTATPARIREAIRLSGPDIYGDPEPVTRDVYTIRADVEQGDSGGPLIDLNGQVLGVVFGAAIDDAETGFVLTAGEVAGQLAKIGATQPVGTGACVS,7.841141700744629,1,MTPSQ,mol_glue,0.24587669968605042,0.38100600242614746,0.07167183607816696,0.4365173578262329,0.42008155584335327,0.325494647026062,0.8095797448087096,0.8289044941003485,0.8192421194545291
CSC1=CC=C(C2(NC(=O)NC3=CC4=C(C=C3)C(=O)N(C3CCC(=O)NC3=O)C4)CCOC2)C=C1,MTPSQWLDIAVLAVAFIAAISGWRAGALGSMLSFGGVLLGATAGVLLAPHIVSQISAPRAKLFAALFLILALVVVGEVAGVVLGRAVRGAIRNRPIRLIDSVIGVGVQLVVVLTAAWLLAMPLTQSKEQPELAAAVKGSRVLARVNEAAPTWLKTVPKRLSALLNTSGLPAVLEPFSRTPVIPVASPDPALVNNPVVAATEPSVVKIRSLAPRCQKVLEGTGFVISPDRVMTNAHVVAGSNNVTVYAGDKPFEATVVSYDPSVDVAILAVPHLPPPPLVFAAEPAKTGADVVVLGYPGGGNFTATPARIREAIRLSGPDIYGDPEPVTRDVYTIRADVEQGDSGGPLIDLNGQVLGVVFGAAIDDAETGFVLTAGEVAGQLAKIGATQPVGTGACVS,7.619886875152588,9,MTPSQ,mol_glue,-0.1347581297159195,0.20507630705833435,0.07161321491003036,0.09703563153743744,-0.34112948179244995,0.31311699748039246,0.7099381928395432,0.9186538269227125,0.8142960098811278
