dataset,protein_hash,smiles,predicted_pchembl,rank,iptm,ptm,protein_ligand_iptm,protein_ligand_pae_min,folder_name
cysdb,dd60f888,C=CC(=O)N1C2CCC1c1cnc(C(C)C)nc1C2,6.367414474487305,3,0.77,0.89,0.77,4.03,cysdb_single_mtpsqwldiavl_cvs_dd60f888_p6p37_0008
cysdb,dd60f888,CCN(CC)c1ccc(S(N)(=O)=O)cc1NC(=O)CCl,6.113365650177002,9,0.78,0.87,0.78,4.24,cysdb_single_mtpsqwldiavl_cvs_dd60f888_p6p11_0025
cysdb,dd60f888,C=CC(=O)NC1CCCN(c2ccc(F)cc2C)C1,6.2158708572387695,6,0.8,0.9,0.8,3.73,cysdb_single_mtpsqwldiavl_cvs_dd60f888_p6p22_0020
cysdb,8d6a6b70,C=CC(=O)NC(C)Cc1cc(C)nn1-c1ccccc1,6.2656989097595215,9,0.83,0.83,0.83,3.14,cysdb_single_mlrgiqalsrpl_wgd_8d6a6b70_p6p27_0016
cysdb,8d6a6b70,C=CC(=O)NC(c1cccc(C(F)(F)F)c1)c1nnc[nH]1,6.63620138168335,1,0.81,0.83,0.81,3.75,cysdb_single_mlrgiqalsrpl_wgd_8d6a6b70_p6p64_0002
cysdb,8d6a6b70,C=CC(=O)N1CCOC(Cn2ccnn2)C1,6.50031042098999,4,0.85,0.83,0.85,3.1,cysdb_single_mlrgiqalsrpl_wgd_8d6a6b70_p6p50_0006
cysdb,dd60f888,COC(=O)[C@H]1Cc2c([nH]c3ccccc23)[C@@H](c2ccc3c(c2)OCO3)N1C(C)=O,6.099487781524658,10,0.69,0.71,0.69,6.63,cysdb_single_mtpsqwldiavl_cvs_dd60f888_p6p10_0026
cysdb,80d0e9c6,C=CC(=O)NC1(c2ccc(S(C)(=O)=O)cc2)CCOC1,6.350818634033203,3,0.95,0.91,0.95,1.06,cysdb_single_mavrelpgawnf_llg_80d0e9c6_p6p35_0010
cysdb,80d0e9c6,C=CC(=O)Nc1cc(C(F)(F)F)cc(S(=O)(=O)F)c1,6.28382682800293,4,0.85,0.87,0.85,2.05,cysdb_single_mavrelpgawnf_llg_80d0e9c6_p6p28_0014
cysdb,dd60f888,O=C(CCl)N1CCN(S(=O)(=O)c2ccc(-c3ccncc3)cc2)CC1,6.203954696655273,7,0.8,0.84,0.8,3.6,cysdb_single_mtpsqwldiavl_cvs_dd60f888_p6p20_0022
cysdb,80d0e9c6,C=CC(=O)N1CCCC(n2ccnn2)C1,6.047443389892578,9,0.81,0.88,0.81,2.69,cysdb_single_mavrelpgawnf_llg_80d0e9c6_p6p05_0028
cysdb,80d0e9c6,C=CC(=O)Nc1ccc2c(c1)CCC(=O)N2CC1CC1,6.211812496185303,6,0.72,0.86,0.72,4.26,cysdb_single_mavrelpgawnf_llg_80d0e9c6_p6p21_0021
cysdb,dd60f888,CCCCN(C(=O)CCl)c1c(N)n(CCC)c(=O)[nH]c1=O,6.167754650115967,8,0.76,0.86,0.76,4.55,cysdb_single_mtpsqwldiavl_cvs_dd60f888_p6p17_0024
cysdb,8d6a6b70,C=CC(=O)N1CCCC(n2ccnn2)C1,6.351569175720215,5,0.84,0.83,0.84,3.17,cysdb_single_mlrgiqalsrpl_wgd_8d6a6b70_p6p35_0009
cysdb,dd60f888,O=C(c1cccc(N2CCOCC2)c1)N1CCC(N(C(=O)CCl)c2ccccc2)C(Cc2ccccc2)C1,6.253261089324951,5,0.7,0.84,0.7,5.43,cysdb_single_mtpsqwldiavl_cvs_dd60f888_p6p25_0017
cysdb,8d6a6b70,C=CC(=O)N1CCN(C(=O)NC2CCCCC2)CC1,6.318229675292969,7,0.84,0.83,0.84,3.12,cysdb_single_mlrgiqalsrpl_wgd_8d6a6b70_p6p32_0013
cysdb,80d0e9c6,NS(=O)(=O)c1ccc(Cl)c(NC(=O)CCl)c1,6.043463706970215,10,0.77,0.88,0.77,3.32,cysdb_single_mavrelpgawnf_llg_80d0e9c6_p6p04_0029
cysdb,80d0e9c6,C=CC(=O)NCC1CCCCN1C(=O)C(F)(F)F,6.854217529296875,1,0.79,0.89,0.79,2.58,cysdb_single_mavrelpgawnf_llg_80d0e9c6_p6p85_0000
cysdb,8d6a6b70,C=CC(=O)N1CCc2nnc(N(C)C)cc2C1,6.587094783782959,2,0.84,0.83,0.84,3.12,cysdb_single_mlrgiqalsrpl_wgd_8d6a6b70_p6p59_0004
cysdb,8d6a6b70,C=CC(=O)N[C@@H]1CCC(=O)N[C@H]1C(C)(C)C,6.251728057861328,10,0.84,0.83,0.84,3.14,cysdb_single_mlrgiqalsrpl_wgd_8d6a6b70_p6p25_0018
cysdb,dd60f888,NS(=O)(=O)c1ccc(Cl)c(NC(=O)CCl)c1,6.597510814666748,2,0.86,0.9,0.86,2.93,cysdb_single_mtpsqwldiavl_cvs_dd60f888_p6p60_0003
cysdb,dd60f888,C=CC(=O)N1[C@H](C(=O)OC)Cc2c([nH]c3ccccc23)[C@H]1c1ccc2c(c1)OCO2,6.720122814178467,1,0.67,0.57,0.67,5.38,cysdb_single_mtpsqwldiavl_cvs_dd60f888_p6p72_0001
cysdb,80d0e9c6,C=CC(=O)NC1(c2noc(C(F)F)n2)CCC1,6.201700210571289,7,0.81,0.88,0.81,3.19,cysdb_single_mavrelpgawnf_llg_80d0e9c6_p6p20_0023
cysdb,8d6a6b70,C=CC(=O)Nc1ccccc1C1CCC(=O)N1,6.283121109008789,8,0.85,0.83,0.85,3.28,cysdb_single_mlrgiqalsrpl_wgd_8d6a6b70_p6p28_0015
cysdb,8d6a6b70,C=CC(=O)N1CCCC(n2ccnn2)C1,6.351569175720215,5,0.89,0.83,0.89,2.3,cysdb_single_mlrgiqalsrpl_wgd_8d6a6b70_p6p35_0011
cysdb,80d0e9c6,C=CC(=O)N[C@@H]1CCO[C@H]1c1ccc(OC)nc1,6.083624362945557,8,0.85,0.88,0.85,2.74,cysdb_single_mavrelpgawnf_llg_80d0e9c6_p6p08_0027
cysdb,80d0e9c6,C=CC(=O)N1CC(O)(c2cccc3ccccc23)C1,6.483842372894287,2,0.8,0.88,0.8,2.73,cysdb_single_mavrelpgawnf_llg_80d0e9c6_p6p48_0007
cysdb,dd60f888,C=CC(=O)N[C@H]1C[C@H](c2cccc(C)c2)C1,6.340663909912109,4,0.81,0.9,0.81,3.66,cysdb_single_mtpsqwldiavl_cvs_dd60f888_p6p34_0012
cysdb,8d6a6b70,C=CC(=O)N1CC[C@@H]2COC(=O)N[C@H]2C1,6.531328678131104,3,0.8,0.83,0.8,4.07,cysdb_single_mlrgiqalsrpl_wgd_8d6a6b70_p6p53_0005
cysdb,80d0e9c6,C=CC(=O)N[C@@H]1CCC(=O)N[C@H]1C(C)(C)C,6.218881130218506,5,0.83,0.87,0.83,2.64,cysdb_single_mavrelpgawnf_llg_80d0e9c6_p6p22_0019
mol_glue,dd60f888,NC1=NN=C(C2=CC=CC=C2O)C=C1N1CC2CCC(C1)N2C1=CC=NC(C#CCCN2CCCCCC2)=C1,7.659730911254883,7,0.74,0.88,0.74,4.84,mol_glue_single_mtpsqwldiavl_cvs_dd60f888_p7p66_0017
mol_glue,80d0e9c6,O=C1CCC(N2CC3=C(C=CC(CNC(=O)NC4=CC=CC=C4C4=CC=CC=C4)=C3)C2=O)C(=O)N1,8.263971328735352,1,0.73,0.86,0.73,3.55,mol_glue_single_mavrelpgawnf_llg_80d0e9c6_p8p26_0000
mol_glue,dd60f888,CC(NC(=O)NC1=CC=C(C(C)(C)C)C(Cl)=C1)C1=CC=C2N=NN(C3CCC(=O)NC3=O)C(=O)C2=C1,7.77745771408081,3,0.74,0.87,0.74,4.79,mol_glue_single_mtpsqwldiavl_cvs_dd60f888_p7p78_0006
mol_glue,dd60f888,CSC1=CC=C(C2(NC(=O)NC3=CC4=C(C=C3)C(=O)N(C3CCC(=O)NC3=O)C4)CCOC2)C=C1,7.619886875152588,9,0.77,0.88,0.77,4.2,mol_glue_single_mtpsqwldiavl_cvs_dd60f888_p7p62_0022
mol_glue,80d0e9c6,O=C1CCC(N2CC3=CC(CNC(=O)NC4=C(Cl)C=CC=C4Cl)=CC=C3C2=O)C(=O)N1,7.997522830963135,2,0.88,0.91,0.88,1.45,mol_glue_single_mavrelpgawnf_llg_80d0e9c6_p8p00_0001
mol_glue,8d6a6b70,C=CC(=O)NC(CC1=CC=C(F)C=C1)C(=O)NCC1=CC=C2C(=O)N(C3CCC(=O)NC3=O)CC2=C1,7.683113098144531,1,0.82,0.83,0.82,2.44,mol_glue_single_mlrgiqalsrpl_wgd_8d6a6b70_p7p68_0016
mol_glue,80d0e9c6,O=C1CCC(N2CC3=CC(CNC(=O)NC4=C(Cl)C=C(Cl)C=C4)=CC=C3C2=O)C(=O)N1,7.755678653717041,6,0.87,0.89,0.87,1.65,mol_glue_single_mavrelpgawnf_llg_80d0e9c6_p7p76_0010
mol_glue,8d6a6b70,O=C1CCC(N2CC3=C(C=CC(CNC(=O)NC4=CC=CC=C4C4=CC=CC=C4)=C3)C2=O)C(=O)N1,7.350133895874023,7,0.73,0.82,0.73,4.63,mol_glue_single_mlrgiqalsrpl_wgd_8d6a6b70_p7p35_0026
mol_glue,dd60f888,CC(C)(C)C1=CC=C(NC(=O)NCC2=CC=C3N=NN(C4CCC(=O)NC4=O)C(=O)C3=C2)C=C1Cl,7.805915832519531,2,0.78,0.88,0.78,3.85,mol_glue_single_mtpsqwldiavl_cvs_dd60f888_p7p81_0005
mol_glue,8d6a6b70,NCCC1CC(NC2=CC(N3C4CCC3CN(C3=CC(C5=CC=CC=C5O)=NN=C3N)C4)=CC=N2)C1,7.276704788208008,9,0.76,0.82,0.76,4.45,mol_glue_single_mlrgiqalsrpl_wgd_8d6a6b70_p7p28_0028
mol_glue,80d0e9c6,O=C1CCC(N2CC3=CC(CNC(=O)NC4=CC=CC(Cl)=C4)=CC=C3C2=O)C(=O)N1,7.844721794128418,3,0.86,0.9,0.86,1.83,mol_glue_single_mavrelpgawnf_llg_80d0e9c6_p7p84_0002
mol_glue,80d0e9c6,CC1=CC=C(NC(=O)NCC2=CC=C3C(=O)N(C4CCC(=O)NC4=O)CC3=C2)C=C1Cl,7.754086971282959,7,0.88,0.91,0.88,1.49,mol_glue_single_mavrelpgawnf_llg_80d0e9c6_p7p75_0011
mol_glue,80d0e9c6,O=C1CCC(N2CC3=CC(CNC(=O)NC4=CC=C(Cl)C=C4)=CC=C3C2=O)C(=O)N1,7.696897029876709,10,0.9,0.91,0.9,1.38,mol_glue_single_mavrelpgawnf_llg_80d0e9c6_p7p70_0015
mol_glue,8d6a6b70,O=C1CCC(N2CC3=CC(CNC(=O)NC4=C(Cl)C=CC=C4Cl)=CC=C3C2=O)C(=O)N1,7.618773460388184,3,0.71,0.82,0.71,4.36,mol_glue_single_mlrgiqalsrpl_wgd_8d6a6b70_p7p62_0021
mol_glue,80d0e9c6,COC1=CC2=C(C=C1)C(CC(=O)NC1=CC=C3C(=O)N(C4CCC(=O)NC4=O)CC3=C1)=CC=C2,7.741959571838379,8,0.69,0.85,0.69,3.74,mol_glue_single_mavrelpgawnf_llg_80d0e9c6_p7p74_0012
mol_glue,80d0e9c6,CC1=C(C)C2=C(S1)N1C(C)=NN=C1[C@H](CC(=O)N1CCN(C(=O)C3=CC=C(S(=O)(=O)F)N3)CC1)N=C2C1=CC=C(Cl)C=C1,7.727626800537109,9,0.81,0.85,0.81,1.15,mol_glue_single_mavrelpgawnf_llg_80d0e9c6_p7p73_0013
mol_glue,dd60f888,CC1=C(C)C2=C(S1)N1C(C)=NN=C1[C@H](CC(=O)N(C)C)N=C2C1=CC=C(C2=CC=C(F)C(NC(=O)C3=C4N=CC=CN4N=C3)=C2)C=C1,7.651756286621094,8,0.61,0.56,0.61,6.94,mol_glue_single_mtpsqwldiavl_cvs_dd60f888_p7p65_0018
mol_glue,dd60f888,NCCC1CC(NC2=CC(N3C4CCC3CN(C3=CC(C5=CC=CC=C5O)=NN=C3N)C4)=CC=N2)C1,7.769597053527832,5,0.85,0.88,0.85,2.96,mol_glue_single_mtpsqwldiavl_cvs_dd60f888_p7p77_0009
mol_glue,8d6a6b70,NCCCCCCC#CC1=CC(N2C3CCC2CN(C2=CC(C4=CC=CC=C4O)=NN=C2N)C3)=CC=N1,7.249479293823242,10,0.76,0.82,0.76,3.86,mol_glue_single_mlrgiqalsrpl_wgd_8d6a6b70_p7p25_0029
mol_glue,8d6a6b70,O=C1CCC(N2CC3=CC(CNC(=O)/C(CC4=CC=C(F)C=C4)=N/O)=CC=C3C2=O)C(=O)N1,7.36346435546875,6,0.71,0.82,0.71,4.6,mol_glue_single_mlrgiqalsrpl_wgd_8d6a6b70_p7p36_0025
mol_glue,8d6a6b70,O=C1CCC(N2CC3=CC(CNC(=O)/C(CC4=CC=C(Br)C=C4)=N/O)=CC=C3C2=O)C(=O)N1,7.465487480163574,4,0.81,0.83,0.81,2.94,mol_glue_single_mlrgiqalsrpl_wgd_8d6a6b70_p7p47_0023
mol_glue,80d0e9c6,O=C1CCC(N2CC3=C(NC4=NC(NC5=CC=CC=C5F)NC=C4)C=CC=C3C2=O)C(=O)N1,7.80828857421875,4,0.72,0.86,0.72,3.48,mol_glue_single_mavrelpgawnf_llg_80d0e9c6_p7p81_0004
mol_glue,dd60f888,CC1=C(C)C2=C(S1)N1C(C)=NN=C1[C@H](CC(=O)N1CCN(C(=O)C3=CC=C(S(=O)(=O)F)N3)CC1)N=C2C1=CC=C(Cl)C=C1,7.841141700744629,1,0.75,0.87,0.75,4.89,mol_glue_single_mtpsqwldiavl_cvs_dd60f888_p7p84_0003
mol_glue,8d6a6b70,NCCCCNC1=CC(N2C3CCC2CN(C2=CC(C4=CC=CC=C4O)=NN=C2N)C3)=CC=N1,7.635862350463867,2,0.76,0.82,0.76,4.13,mol_glue_single_mlrgiqalsrpl_wgd_8d6a6b70_p7p64_0019
mol_glue,dd60f888,NCCCCNC1=CC(N2C3CCC2CN(C2=CC(C4=CC=CC=C4O)=NN=C2N)C3)=CC=N1,7.705217361450195,6,0.74,0.88,0.74,5.41,mol_glue_single_mtpsqwldiavl_cvs_dd60f888_p7p71_0014
mol_glue,dd60f888,CSC1=CC=C(C2(NC(=O)NC3=CC4=C(C=C3)C(=O)N(C3CCC(=O)NC3=O)C4)CCOC2)C=C1,7.619886875152588,9,0.91,0.62,0.91,1.54,mol_glue_single_mtpsqwldiavl_cvs_dd60f888_p7p62_0020
mol_glue,dd60f888,NCCC1CC(NC2=CC(N3C4CCC3CN(C3=CC(C5=CC=CC=C5O)=NN=C3N)C4)=CC=N2)C1,7.769597053527832,5,0.75,0.88,0.75,5.07,mol_glue_single_mtpsqwldiavl_cvs_dd60f888_p7p77_0008
mol_glue,80d0e9c6,O=C1CCC(N2CC3=CC(CNC(=O)NC4=C(Cl)C=CC=C4)=CC=C3C2=O)C(=O)N1,7.776780605316162,5,0.87,0.9,0.87,1.61,mol_glue_single_mavrelpgawnf_llg_80d0e9c6_p7p78_0007
mol_glue,8d6a6b70,O=C1CCC(N2CC3=CC(CNC(=O)/C(CC4=CC=C(Cl)C=C4)=N/O)=CC=C3C2=O)C(=O)N1,7.460000991821289,5,0.8,0.83,0.8,2.88,mol_glue_single_mlrgiqalsrpl_wgd_8d6a6b70_p7p46_0024
mol_glue,8d6a6b70,O=C1CCC(N2CC3=C(C=CC(CNC(=O)NC4=CC=CC=C4C4=CC=CC=C4)=C3)C2=O)C(=O)N1,7.350133895874023,7,0.71,0.81,0.71,5.3,mol_glue_single_mlrgiqalsrpl_wgd_8d6a6b70_p7p35_0027
